--
-- File generated with SQLiteStudio v3.3.0 on lun. jun. 6 07:43:02 2022
--
-- Text encoding used: System
--
PRAGMA foreign_keys = off;
BEGIN TRANSACTION;

-- Table: COURSE
CREATE TABLE COURSE (CODE TEXT UNIQUE NOT NULL PRIMARY KEY, NAME TEXT UNIQUE NOT NULL, CREDITS INTEGER NOT NULL, MAXSTUDENTS);
INSERT INTO COURSE (CODE, NAME, CREDITS, MAXSTUDENTS) VALUES ('02GOLOV', 'Architetture dei sistemi di elaborazione 

', 12, NULL);
INSERT INTO COURSE (CODE, NAME, CREDITS, MAXSTUDENTS) VALUES ('02LSEOV', 'Computer architectures  

', 12, NULL);
INSERT INTO COURSE (CODE, NAME, CREDITS, MAXSTUDENTS) VALUES ('01SQJOV', 'Data Science and Database Technology 

', 8, NULL);
INSERT INTO COURSE (CODE, NAME, CREDITS, MAXSTUDENTS) VALUES ('01SQMOV', 'Data Science e Tecnologie per le Basi di Dati', 8, NULL);
INSERT INTO COURSE (CODE, NAME, CREDITS, MAXSTUDENTS) VALUES ('01SQLOV', 'Database systems', 8, NULL);
INSERT INTO COURSE (CODE, NAME, CREDITS, MAXSTUDENTS) VALUES ('01OTWOV', 'Computer network technologies and services', 6, 3);
INSERT INTO COURSE (CODE, NAME, CREDITS, MAXSTUDENTS) VALUES ('02KPNOV', 'Tecnologie e servizi di rete ', 6, 3);
INSERT INTO COURSE (CODE, NAME, CREDITS, MAXSTUDENTS) VALUES ('01TYMOV', 'Information systems security services ', 12, NULL);
INSERT INTO COURSE (CODE, NAME, CREDITS, MAXSTUDENTS) VALUES ('05BIDOV', 'Ingegneria del software', 6, NULL);
INSERT INTO COURSE (CODE, NAME, CREDITS, MAXSTUDENTS) VALUES ('04GSPOV', 'Software engineering', 6, NULL);
INSERT INTO COURSE (CODE, NAME, CREDITS, MAXSTUDENTS) VALUES ('01UDFOV', 'Applicazioni Web I', 6, NULL);
INSERT INTO COURSE (CODE, NAME, CREDITS, MAXSTUDENTS) VALUES ('01TXYOV', 'Web Applications I', 6, 3);
INSERT INTO COURSE (CODE, NAME, CREDITS, MAXSTUDENTS) VALUES ('01TXSOV', 'Web Applications II', 6, NULL);
INSERT INTO COURSE (CODE, NAME, CREDITS, MAXSTUDENTS) VALUES ('02GRSOV', 'Programmazione di sistema', 6, NULL);
INSERT INTO COURSE (CODE, NAME, CREDITS, MAXSTUDENTS) VALUES ('01NYHOV', 'System and device programming', 6, 3);
INSERT INTO COURSE (CODE, NAME, CREDITS, MAXSTUDENTS) VALUES ('01SQOOV', 'Reti Locali e Data Center', 6, NULL);
INSERT INTO COURSE (CODE, NAME, CREDITS, MAXSTUDENTS) VALUES ('01TYDOV', 'Software networking', 7, NULL);
INSERT INTO COURSE (CODE, NAME, CREDITS, MAXSTUDENTS) VALUES ('03UEWOV', 'Challenge', 5, NULL);
INSERT INTO COURSE (CODE, NAME, CREDITS, MAXSTUDENTS) VALUES ('01URROV', 'Computational intelligence', 6, NULL);
INSERT INTO COURSE (CODE, NAME, CREDITS, MAXSTUDENTS) VALUES ('01OUZPD', 'Model based software design', 4, NULL);
INSERT INTO COURSE (CODE, NAME, CREDITS, MAXSTUDENTS) VALUES ('01URSPD', 'Internet Video Streaming', 6, 2);
INSERT INTO COURSE (CODE, NAME, CREDITS, MAXSTUDENTS) VALUES ('01UDUOV', 'Sicurezza dei sistemi informativi', 12, NULL);

-- Table: COURSE_PLAN
CREATE TABLE COURSE_PLAN (COURSECODE TEXT NOT NULL REFERENCES COURSE (CODE) ON DELETE CASCADE ON UPDATE CASCADE, IDPLAN INTEGER REFERENCES STUDY_PLAN (USERID) ON DELETE CASCADE ON UPDATE CASCADE NOT NULL);

-- Table: DEPENDANT
CREATE TABLE DEPENDANT (CODEONE TEXT PRIMARY KEY UNIQUE REFERENCES COURSE (CODE) ON DELETE CASCADE ON UPDATE CASCADE NOT NULL, CODETWO TEXT REFERENCES COURSE (CODE) ON DELETE CASCADE ON UPDATE CASCADE NOT NULL);
INSERT INTO DEPENDANT (CODEONE, CODETWO) VALUES ('05BIDOV', '02GOLOV');
INSERT INTO DEPENDANT (CODEONE, CODETWO) VALUES ('04GSPOV', '02LSEOV');
INSERT INTO DEPENDANT (CODEONE, CODETWO) VALUES ('01TXSOV', '01TXYOV');

-- Table: INCOMPATIBLE
CREATE TABLE INCOMPATIBLE (CODEONE TEXT REFERENCES COURSE (CODE) ON DELETE CASCADE ON UPDATE CASCADE NOT NULL, CODETWO TEXT REFERENCES COURSE (CODE) ON DELETE CASCADE ON UPDATE CASCADE NOT NULL);
INSERT INTO INCOMPATIBLE (CODEONE, CODETWO) VALUES ('02GOLOV', '02LSEOV');
INSERT INTO INCOMPATIBLE (CODEONE, CODETWO) VALUES ('02LSEOV', '02GOLOV');
INSERT INTO INCOMPATIBLE (CODEONE, CODETWO) VALUES ('01SQJOV', '01SQMOV');
INSERT INTO INCOMPATIBLE (CODEONE, CODETWO) VALUES ('01SQJOV', '01SQLOV');
INSERT INTO INCOMPATIBLE (CODEONE, CODETWO) VALUES ('01SQMOV', '01SQJOV');
INSERT INTO INCOMPATIBLE (CODEONE, CODETWO) VALUES ('01SQMOV', '01SQLOV');
INSERT INTO INCOMPATIBLE (CODEONE, CODETWO) VALUES ('01SQLOV', '01SQJOV');
INSERT INTO INCOMPATIBLE (CODEONE, CODETWO) VALUES ('01SQLOV', '01SQMOV');
INSERT INTO INCOMPATIBLE (CODEONE, CODETWO) VALUES ('01OTWOV', '02KPNOV');
INSERT INTO INCOMPATIBLE (CODEONE, CODETWO) VALUES ('02KPNOV', '01OTWOV');
INSERT INTO INCOMPATIBLE (CODEONE, CODETWO) VALUES ('01TYMOV', '01UDUOV');
INSERT INTO INCOMPATIBLE (CODEONE, CODETWO) VALUES ('01UDUOV', '01TYMOV');
INSERT INTO INCOMPATIBLE (CODEONE, CODETWO) VALUES ('05BIDOV', '04GSPOV');
INSERT INTO INCOMPATIBLE (CODEONE, CODETWO) VALUES ('04GSPOV', '05BIDOV');
INSERT INTO INCOMPATIBLE (CODEONE, CODETWO) VALUES ('01UDFOV', '01TXYOV');
INSERT INTO INCOMPATIBLE (CODEONE, CODETWO) VALUES ('01TXYOV', '01UDFOV');
INSERT INTO INCOMPATIBLE (CODEONE, CODETWO) VALUES ('02GRSOV', '02GOLOV');
INSERT INTO INCOMPATIBLE (CODEONE, CODETWO) VALUES ('01NYHOV', '02GRSOV');

-- Table: STUDY_PLAN
CREATE TABLE STUDY_PLAN (USERID INTEGER PRIMARY KEY UNIQUE NOT NULL REFERENCES USERS (ID) ON DELETE CASCADE ON UPDATE CASCADE, CREDITS INTEGER NOT NULL);

-- Table: USERS
CREATE TABLE USERS (ID INTEGER PRIMARY KEY AUTOINCREMENT UNIQUE NOT NULL, EMAIL TEXT UNIQUE NOT NULL, NAME NOT NULL, PASSWORDHASH TEXT NOT NULL, SALT TEXT NOT NULL, TYPE TEXT CHECK (TYPE IN ('FULL_TIME', 'PART_TIME')) NOT NULL);
INSERT INTO USERS (ID, EMAIL, NAME, PASSWORDHASH, SALT, TYPE) VALUES (1, 'a.b@c.d', 'Camilo', '1405f25115e75b7782c6c73d07070f389780476c87d7a6f7525f3fc9d64073a70c461d0ebc31704970bc76bea2427e52305e9680ec3063071e05621f9af7cc60', '1234567887654321', 'FULL_TIME');
INSERT INTO USERS (ID, EMAIL, NAME, PASSWORDHASH, SALT, TYPE) VALUES (2, 'real@email.com', 'realName', '1405f25115e75b7782c6c73d07070f389780476c87d7a6f7525f3fc9d64073a70c461d0ebc31704970bc76bea2427e52305e9680ec3063071e05621f9af7cc60', '1234567887654321', 'FULL_TIME');
INSERT INTO USERS (ID, EMAIL, NAME, PASSWORDHASH, SALT, TYPE) VALUES (3, 'other@email.com', 'Juan', '1405f25115e75b7782c6c73d07070f389780476c87d7a6f7525f3fc9d64073a70c461d0ebc31704970bc76bea2427e52305e9680ec3063071e05621f9af7cc60', '1234567887654321', 'FULL_TIME');
INSERT INTO USERS (ID, EMAIL, NAME, PASSWORDHASH, SALT, TYPE) VALUES (4, 'correo@real.co', 'Pedro', '1405f25115e75b7782c6c73d07070f389780476c87d7a6f7525f3fc9d64073a70c461d0ebc31704970bc76bea2427e52305e9680ec3063071e05621f9af7cc60', '1234567887654321', 'PART_TIME');
INSERT INTO USERS (ID, EMAIL, NAME, PASSWORDHASH, SALT, TYPE) VALUES (5, 'last@email.com', 'Mario', '1405f25115e75b7782c6c73d07070f389780476c87d7a6f7525f3fc9d64073a70c461d0ebc31704970bc76bea2427e52305e9680ec3063071e05621f9af7cc60', '1234567887654321', 'PART_TIME');

COMMIT TRANSACTION;
PRAGMA foreign_keys = on;
